V003,2024-09-07 00:03:40,18.423298,72.968161,91.55,25.69
V003,2024-09-07 00:05:32,18.424069,72.968828,91.54,26.33
V003,2024-09-07 00:06:19,18.424546,72.969454,91.51,26.35
V003,2024-09-07 00:08:11,18.425322,72.970123,91.48,26.61
V003,2024-09-07 00:10:06,18.425891,72.970808,91.43,25.66
V003,2024-09-07 00:10:44,18.426037,72.970424,91.40,25.54
V003,2024-09-07 00:12:33,18.426431,72.971163,91.37,24.99
V003,2024-09-07 00:13:05,18.427731,72.971385,91.34,25.31
V003,2024-09-07 00:14:10,18.428444,72.971464,91.32,25.40
V003,2024-09-07 00:15:35,18.429083,72.972059,91.29,25.99
V003,2024-09-07 00:16:24,18.430014,72.972695,91.27,25.40
V003,2024-09-07 00:17:44,18.430535,72.972945,91.25,24.91
V003,2024-09-07 00:19:43,18.431674,72.973052,91.22,23.84
V003,2024-09-07 00:21:36,18.432055,72.973251,91.19,23.75
V003,2024-09-07 00:22:13,18.432129,72.974194,91.16,23.75
V003,2024-09-07 00:24:05,18.432938,72.974827,91.14,24.65
V003,2024-09-07 00:25:42,18.433442,72.975596,91.10,24.24
V003,2024-09-07 00:27:24,18.433974,72.976159,91.07,24.56
V003,2024-09-07 00:29:03,18.434187,72.976273,91.04,25.20
V003,2024-09-07 00:29:59,18.434546,72.976623,91.00,25.45
V003,2024-09-07 00:30:38,18.435799,72.976885,90.96,25.49
V003,2024-09-07 00:32:34,18.436596,72.977069,90.93,25.90
V003,2024-09-07 00:34:32,18.437261,72.977950,90.89,25.42
V003,2024-09-07 00:35:57,18.437852,72.978348,90.85,24.52
V003,2024-09-07 00:37:43,18.438028,72.978484,90.81,23.94
V003,2024-09-07 00:39:10,18.439230,72.978733,90.78,23.16
V003,2024-09-07 00:41:07,18.439581,72.979079,90.75,22.91
V003,2024-09-07 00:42:08,18.440377,72.979720,90.71,22.21
V003,2024-09-07 00:43:59,18.440515,72.980358,90.68,22.35
V003,2024-09-07 00:45:08,18.441318,72.980326,90.66,21.55
V003,2024-09-07 00:46:33,18.442326,72.980817,90.64,20.52
V003,2024-09-07 00:47:48,18.443092,72.981103,90.62,18.75
V003,2024-09-07 00:48:19,18.443848,72.981772,90.59,18.60
V003,2024-09-07 00:49:20,18.444189,72.981980,90.56,19.29
V003,2024-09-07 00:50:28,18.444520,72.982598,90.54,19.33
V003,2024-09-07 00:51:36,18.444915,72.982719,90.52,18.92
V003,2024-09-07 00:53:26,18.445357,72.983339,90.50,17.83
V003,2024-09-07 00:53:56,18.446483,72.983723,90.47,16.62
V003,2024-09-07 00:55:08,18.447066,72.984706,90.44,16.62
V003,2024-09-07 00:56:54,18.447924,72.984846,90.40,16.86
V003,2024-09-07 00:58:04,18.448353,72.984929,90.36,16.71
V003,2024-09-07 00:59:55,18.449057,72.984981,90.32,17.03
V003,2024-09-07 01:01:15,18.449851,72.985579,90.30,16.72
V003,2024-09-07 01:02:08,18.450967,72.986046,90.28,17.83
V003,2024-09-07 01:04:08,18.451484,72.986873,90.25,18.12
V003,2024-09-07 01:05:30,18.452351,72.986913,90.21,17.72
V003,2024-09-07 01:06:19,18.452257,72.987714,90.17,16.76
V003,2024-09-07 01:07:50,18.453333,72.988168,90.15,17.06
V003,2024-09-07 01:09:13,18.453707,72.988704,90.12,18.04
V003,2024-09-07 01:10:51,18.454793,72.989036,90.09,19.69
V003,2024-09-07 01:12:46,18.455549,72.989416,90.07,19.96
V003,2024-09-07 01:14:42,18.456104,72.989600,90.05,21.07
V003,2024-09-07 01:15:25,18.456985,72.990213,90.03,21.89
V003,2024-09-07 01:17:09,18.456935,72.990019,90.01,22.71
V003,2024-09-07 01:19:05,18.457335,72.990940,89.98,22.95
V003,2024-09-07 01:19:48,18.457873,72.991278,89.96,21.98
V003,2024-09-07 01:20:36,18.459047,72.991690,89.94,22.13
V003,2024-09-07 01:21:50,18.459451,72.991963,89.91,22.03
V003,2024-09-07 01:22:58,18.460100,72.992386,89.88,22.02
V003,2024-09-07 01:23:41,18.460764,72.992461,89.85,21.55
V003,2024-09-07 01:24:33,18.461033,72.993358,89.82,20.69
V003,2024-09-07 01:25:54,18.461695,72.993749,89.79,20.20
V003,2024-09-07 01:27:42,18.461993,72.994497,89.75,19.70
V003,2024-09-07 01:28:39,18.462899,72.995143,89.72,18.57
V003,2024-09-07 01:29:22,18.463894,72.995047,89.68,17.09
V003,2024-09-07 01:30:06,18.464593,72.995845,89.65,15.55
V003,2024-09-07 01:31:52,18.465595,72.995681,89.62,15.09
V003,2024-09-07 01:33:20,18.465812,72.996252,89.60,14.64
V003,2024-09-07 01:35:08,18.466793,72.996691,89.57,14.22
V003,2024-09-07 01:35:52,18.467259,72.997258,89.54,13.35
V003,2024-09-07 01:36:39,18.468052,72.997368,89.51,12.72
V003,2024-09-07 01:38:31,18.468354,72.997959,89.48,12.45
V003,2024-09-07 01:39:24,18.468612,72.998723,89.46,11.98
V003,2024-09-07 01:39:55,18.469262,72.998896,89.44,11.52
V003,2024-09-07 01:41:48,18.469652,72.999352,89.43,11.30
V003,2024-09-07 01:43:20,18.470785,72.999555,89.40,11.90
V003,2024-09-07 01:43:54,18.471414,72.999734,89.37,11.74
V003,2024-09-07 01:45:27,18.472204,73.000099,89.34,11.72
V003,2024-09-07 01:46:43,18.472338,73.000680,89.32,11.94
V003,2024-09-07 01:47:40,18.473388,73.001280,89.29,12.06
V003,2024-09-07 01:48:48,18.473475,73.002277,89.26,12.78
V003,2024-09-07 01:49:29,18.474032,73.002798,89.22,13.70
V003,2024-09-07 01:51:14,18.475264,73.002945,89.19,13.78
V003,2024-09-07 01:53:02,18.476209,73.003336,89.16,13.74
V003,2024-09-07 01:54:16,18.476601,73.003109,89.13,12.52
V003,2024-09-07 01:55:23,18.477230,73.003768,89.11,12.97
V003,2024-09-07 01:57:19,18.477400,73.003863,89.07,13.98
V003,2024-09-07 01:57:56,18.477931,73.004880,89.04,14.77
V003,2024-09-07 01:58:57,18.479064,73.005615,89.01,15.90
V003,2024-09-07 02:00:17,18.479451,73.005536,88.99,16.86
V003,2024-09-07 02:01:44,18.480432,73.005961,88.97,17.40
V003,2024-09-07 02:02:49,18.481136,73.005711,88.94,17.46
V003,2024-09-07 02:04:33,18.482088,73.006712,88.91,17.25
V003,2024-09-07 02:06:01,18.482767,73.006538,88.87,17.61
V003,2024-09-07 02:07:21,18.483312,73.007550,88.83,18.42
V003,2024-09-07 02:08:27,18.483586,73.007519,88.80,18.48
V003,2024-09-07 02:09:40,18.484194,73.008163,88.77,18.51
V003,2024-09-07 02:11:08,18.484951,73.008987,88.75,18.52
V003,2024-09-07 02:12:32,18.485917,73.008863,88.73,18.55
V003,2024-09-07 02:13:22,18.486484,73.009304,88.72,18.93
V003,2024-09-07 02:14:02,18.487267,73.010046,88.70,18.76
V003,2024-09-07 02:15:11,18.487900,73.010389,88.69,18.56
V003,2024-09-07 02:15:53,18.488491,73.011244,88.67,17.50
V003,2024-09-07 02:17:50,18.488784,73.010861,88.65,16.44
V003,2024-09-07 02:19:14,18.488734,73.011536,88.63,15.00
V003,2024-09-07 02:19:57,18.489463,73.012060,88.61,13.52
V003,2024-09-07 02:20:44,18.489985,73.012232,88.59,12.50
V003,2024-09-07 02:22:32,18.491107,73.013015,88.57,12.10
V003,2024-09-07 02:23:21,18.491601,73.013413,88.54,12.30
V003,2024-09-07 02:24:03,18.492446,73.014373,88.51,11.93
V003,2024-09-07 02:25:27,18.492555,73.014148,88.48,11.47
V003,2024-09-07 02:27:07,18.493045,73.014484,88.45,10.21
V003,2024-09-07 02:27:40,18.494020,73.014883,88.43,10.53
V003,2024-09-07 02:29:15,18.494889,73.015777,88.41,10.59
V003,2024-09-07 02:30:15,18.495513,73.015801,88.38,11.62
V003,2024-09-07 02:31:52,18.495702,73.016317,88.35,12.11
V003,2024-09-07 02:33:11,18.495960,73.016950,88.32,12.12
V003,2024-09-07 02:34:41,18.496959,73.017688,88.29,12.40
V003,2024-09-07 02:35:44,18.498021,73.018381,88.27,11.53
V003,2024-09-07 02:36:50,18.499185,73.018091,88.24,11.08
V003,2024-09-07 02:37:30,18.499572,73.018598,88.21,10.94
V003,2024-09-07 02:38:10,18.500107,73.018863,88.19,10.21
V003,2024-09-07 02:39:30,18.500212,73.019362,88.16,10.07
V003,2024-09-07 02:40:39,18.501255,73.019795,88.12,9.98
V003,2024-09-07 02:41:20,18.501967,73.020296,88.08,9.27
V003,2024-09-07 02:43:15,18.502249,73.021031,88.04,8.08
V003,2024-09-07 02:45:14,18.503181,73.021434,88.02,7.61
V003,2024-09-07 02:46:17,18.503575,73.021141,87.99,7.41
V003,2024-09-07 02:47:02,18.504028,73.021256,87.96,7.17
V003,2024-09-07 02:47:40,18.504255,73.021989,87.92,6.50
V003,2024-09-07 02:49:15,18.505600,73.022276,87.88,6.03
V003,2024-09-07 02:50:17,18.506181,73.022838,87.85,5.54
V003,2024-09-07 02:51:52,18.507443,73.023461,87.82,4.63
V003,2024-09-07 02:53:08,18.507999,73.023362,87.79,3.21
V003,2024-09-07 02:54:48,18.508102,73.023980,87.76,3.08
V003,2024-09-07 02:55:49,18.508926,73.024621,87.72,2.43
V003,2024-09-07 02:57:06,18.509492,73.025050,87.69,1.67
V003,2024-09-07 02:58:42,18.510363,73.025186,87.67,0.70
V003,2024-09-07 02:59:48,18.511255,73.026122,87.66,0.14
V003,2024-09-07 03:01:05,18.511361,73.026613,87.64,0.00
V003,2024-09-07 03:02:34,18.512065,73.026783,87.63,0.25
V003,2024-09-07 03:04:13,18.512910,73.026976,87.59,0.92
V003,2024-09-07 03:05:12,18.513146,73.027582,87.57,1.14
V003,2024-09-07 03:06:24,18.514009,73.028059,87.53,0.71
V003,2024-09-07 03:07:07,18.514495,73.028022,87.50,0.76
V003,2024-09-07 03:07:55,18.515659,73.028262,87.47,1.60
V003,2024-09-07 03:09:31,18.515575,73.029017,87.43,3.09
V003,2024-09-07 03:11:15,18.516728,73.029489,87.40,4.44
V003,2024-09-07 03:12:57,18.516554,73.029692,87.35,4.23
V003,2024-09-07 03:14:07,18.517735,73.029766,87.33,3.64
V003,2024-09-07 03:15:34,18.517981,73.030871,87.29,2.66
V003,2024-09-07 03:17:18,18.518425,73.031048,87.27,2.84
V003,2024-09-07 03:18:03,18.518794,73.031406,87.24,2.58
V003,2024-09-07 03:19:06,18.520142,73.031841,87.22,2.28
V003,2024-09-07 03:21:06,18.520345,73.032705,87.19,1.51
V003,2024-09-07 03:21:47,18.520919,73.033337,87.15,0.78
V003,2024-09-07 03:22:55,18.522017,73.033848,87.12,0.29
V003,2024-09-07 03:24:22,18.523111,73.033742,87.09,0.06
V003,2024-09-07 03:25:09,18.523777,73.034236,87.07,0.00
V003,2024-09-07 03:26:04,18.523712,73.034140,87.04,0.00
V003,2024-09-07 03:27:48,18.524190,73.035188,87.01,0.29
V003,2024-09-07 03:28:43,18.525279,73.035501,86.99,1.43
V003,2024-09-07 03:29:55,18.525864,73.036465,86.97,2.88
V003,2024-09-07 03:31:20,18.527031,73.036141,86.96,4.63
V003,2024-09-07 03:32:12,18.527129,73.037025,86.95,5.83
V003,2024-09-07 03:33:01,18.528250,73.036932,86.93,6.33
V003,2024-09-07 03:34:23,18.528576,73.037145,86.92,6.05
V003,2024-09-07 03:35:46,18.529180,73.038016,86.90,5.55
V003,2024-09-07 03:37:25,18.530003,73.038013,86.87,5.49
V003,2024-09-07 03:39:04,18.530873,73.039107,86.84,5.22
V003,2024-09-07 03:40:08,18.531115,73.039466,86.81,4.86
V003,2024-09-07 03:41:13,18.531452,73.039571,86.78,5.33
V003,2024-09-07 03:42:12,18.532421,73.039558,86.75,6.08
V003,2024-09-07 03:42:49,18.532486,73.040528,86.72,6.28
V003,2024-09-07 03:44:08,18.533856,73.041131,86.69,7.28
V003,2024-09-07 03:45:53,18.534358,73.041491,86.64,6.88
V003,2024-09-07 03:47:53,18.535258,73.041561,86.61,7.22
V003,2024-09-07 03:48:47,18.535995,73.042136,86.58,7.11
V003,2024-09-07 03:49:39,18.536544,73.042861,86.54,7.35
V003,2024-09-07 03:51:16,18.536493,73.043190,86.51,6.89
V003,2024-09-07 03:52:29,18.536938,73.043489,86.48,7.27
V003,2024-09-07 03:53:01,18.537917,73.043964,86.44,6.94
V003,2024-09-07 03:54:38,18.538750,73.043925,86.42,6.29
V003,2024-09-07 03:55:58,18.539824,73.044889,86.39,6.61
V003,2024-09-07 03:57:23,18.539854,73.045102,86.37,7.62
V003,2024-09-07 03:59:04,18.540926,73.045943,86.34,7.89
V003,2024-09-07 04:00:49,18.541526,73.046226,86.30,7.48
V003,2024-09-07 04:01:41,18.541904,73.046817,86.26,6.47
V003,2024-09-07 04:03:23,18.542816,73.047159,86.22,5.77
V003,2024-09-07 04:04:21,18.543111,73.046896,86.17,6.39
V003,2024-09-07 04:05:00,18.543357,73.047528,86.13,6.41
V003,2024-09-07 04:05:41,18.544445,73.047498,86.11,7.48
V003,2024-09-07 04:06:12,18.544955,73.048600,86.07,7.37
V003,2024-09-07 04:06:55,18.545450,73.048551,86.06,7.10
V003,2024-09-07 04:07:46,18.545514,73.049436,86.03,6.53
V003,2024-09-07 04:08:28,18.546280,73.049965,86.01,6.30
V003,2024-09-07 04:09:26,18.547330,73.050636,85.98,6.78
V003,2024-09-07 04:10:36,18.547617,73.050440,85.94,6.67
V003,2024-09-07 04:11:26,18.548070,73.050593,85.91,7.51
V003,2024-09-07 04:13:12,18.548803,73.051196,85.87,6.88
V006,2024-09-07 00:08:02,18.958937,73.122508,86.45,10.82
V006,2024-09-07 00:08:47,18.959057,73.122496,86.43,10.15
V006,2024-09-07 00:10:47,18.959359,73.122511,86.41,8.98
V006,2024-09-07 00:12:05,18.959809,73.123062,86.37,9.13
V006,2024-09-07 00:13:59,18.959502,73.123766,86.35,8.83
V006,2024-09-07 00:14:35,18.959657,73.124816,86.33,9.66
V006,2024-09-07 00:16:25,18.959858,73.125119,86.29,9.65
V006,2024-09-07 00:17:27,18.960949,73.125323,86.26,8.88
V006,2024-09-07 00:19:14,18.961284,73.125321,86.23,8.94
V006,2024-09-07 00:20:36,18.961487,73.126496,86.19,8.70
V006,2024-09-07 00:21:41,18.961888,73.126914,86.17,9.75
V006,2024-09-07 00:22:29,18.962265,73.127814,86.13,9.21
V006,2024-09-07 00:24:12,18.962585,73.127626,86.11,8.20
V006,2024-09-07 00:25:35,18.962777,73.128723,86.07,6.38
V006,2024-09-07 00:27:34,18.962879,73.129495,86.04,5.78
V006,2024-09-07 00:29:18,18.963779,73.130074,86.02,5.41
V006,2024-09-07 00:30:36,18.963640,73.130225,85.99,5.17
V006,2024-09-07 00:32:06,18.964669,73.130877,85.96,4.08
V006,2024-09-07 00:33:43,18.964959,73.130811,85.92,3.52
V006,2024-09-07 00:35:33,18.965171,73.131281,85.90,3.25
V006,2024-09-07 00:37:33,18.965144,73.131803,85.87,3.56
V006,2024-09-07 00:39:22,18.965730,73.132266,85.85,3.79
V006,2024-09-07 00:41:12,18.965819,73.132879,85.82,3.95
V006,2024-09-07 00:42:19,18.966887,73.133443,85.78,3.47
V006,2024-09-07 00:43:04,18.966549,73.134538,85.76,3.47
V006,2024-09-07 00:43:39,18.967059,73.135116,85.72,3.16
V006,2024-09-07 00:44:34,18.967480,73.135340,85.70,2.22
V006,2024-09-07 00:46:14,18.967822,73.135881,85.67,1.25
V006,2024-09-07 00:47:56,18.967965,73.135999,85.64,0.38
V006,2024-09-07 00:49:09,18.968080,73.136794,85.62,0.09
V006,2024-09-07 00:49:56,18.968785,73.137571,85.59,0.00
V006,2024-09-07 00:51:08,18.969539,73.137937,85.56,0.08
V006,2024-09-07 00:52:44,18.970393,73.138359,85.52,0.04
V006,2024-09-07 00:53:40,18.970840,73.138473,85.48,0.11
V006,2024-09-07 00:54:18,18.970864,73.139168,85.44,0.70
V006,2024-09-07 00:56:08,18.970940,73.140125,85.42,2.00
V006,2024-09-07 00:56:52,18.970972,73.140533,85.39,2.15
V006,2024-09-07 00:57:26,18.971843,73.141349,85.36,1.95
V006,2024-09-07 00:58:34,18.971782,73.141211,85.32,1.19
V006,2024-09-07 00:59:29,18.972326,73.141532,85.29,1.45
V006,2024-09-07 01:01:03,18.972612,73.142413,85.27,1.58
V006,2024-09-07 01:02:12,18.973055,73.142483,85.25,2.59
V006,2024-09-07 01:03:48,18.973245,73.143581,85.21,3.59
V006,2024-09-07 01:05:24,18.973453,73.143921,85.17,4.21
V006,2024-09-07 01:06:05,18.973896,73.144129,85.15,5.19
V006,2024-09-07 01:07:14,18.974926,73.144524,85.13,6.02
V006,2024-09-07 01:08:09,18.975542,73.144549,85.10,6.06
V006,2024-09-07 01:08:54,18.975653,73.145181,85.08,5.92
V006,2024-09-07 01:10:35,18.975596,73.145698,85.06,6.48
V006,2024-09-07 01:11:23,18.975713,73.146572,85.04,6.52
V006,2024-09-07 01:12:32,18.976644,73.147670,85.01,6.14
V006,2024-09-07 01:14:02,18.976870,73.148183,84.98,4.89
V006,2024-09-07 01:15:22,18.977016,73.149030,84.95,3.36
V006,2024-09-07 01:17:21,18.977554,73.148794,84.92,3.25
V006,2024-09-07 01:19:16,18.977811,73.149351,84.90,2.57
V006,2024-09-07 01:20:58,18.978054,73.149994,84.86,3.13
V006,2024-09-07 01:22:26,18.978899,73.150139,84.82,3.03
V006,2024-09-07 01:23:24,18.979327,73.150668,84.77,3.21
V006,2024-09-07 01:24:17,18.980230,73.150760,84.74,2.87
V006,2024-09-07 01:25:45,18.980409,73.151829,84.71,3.47
V006,2024-09-07 01:26:36,18.980188,73.152320,84.69,3.67
V006,2024-09-07 01:27:57,18.980424,73.152794,84.65,4.05
V006,2024-09-07 01:29:05,18.981083,73.153629,84.63,4.33
V006,2024-09-07 01:30:45,18.981421,73.154017,84.60,4.74
V006,2024-09-07 01:32:43,18.981897,73.154276,84.58,4.42
V006,2024-09-07 01:34:22,18.982411,73.154886,84.56,4.83
V006,2024-09-07 01:36:05,18.982360,73.155526,84.53,5.30
V006,2024-09-07 01:36:47,18.982515,73.156444,84.50,5.48
V006,2024-09-07 01:37:30,18.982610,73.157060,84.46,4.69
V006,2024-09-07 01:39:22,18.983400,73.157495,84.41,3.74
V006,2024-09-07 01:41:13,18.983504,73.157902,84.37,3.90
V006,2024-09-07 01:42:20,18.984496,73.158478,84.33,4.03
V006,2024-09-07 01:43:30,18.984766,73.158628,84.31,4.73
V006,2024-09-07 01:44:55,18.985594,73.158910,84.27,5.70
V006,2024-09-07 01:46:43,18.986102,73.159581,84.24,6.47
V006,2024-09-07 01:48:00,18.986128,73.160521,84.20,6.55
V006,2024-09-07 01:49:15,18.986865,73.161287,84.18,6.55
V006,2024-09-07 01:51:00,18.986575,73.161095,84.17,6.27
V006,2024-09-07 01:52:39,18.986918,73.161449,84.15,6.02
V006,2024-09-07 01:53:55,18.986816,73.161521,84.14,5.95
V006,2024-09-07 01:54:42,18.987111,73.162708,84.10,6.23
V006,2024-09-07 01:56:36,18.987892,73.162610,84.08,7.22
V006,2024-09-07 01:57:59,18.988840,73.163443,84.05,8.06
V006,2024-09-07 01:59:48,18.989530,73.164173,84.03,9.45
V006,2024-09-07 02:01:03,18.989636,73.164424,84.00,9.92
V006,2024-09-07 02:02:03,18.989680,73.164849,83.97,10.30
V006,2024-09-07 02:02:37,18.989658,73.165526,83.94,10.40
V006,2024-09-07 02:04:08,18.990206,73.166566,83.91,9.70
V006,2024-09-07 02:05:13,18.990158,73.167433,83.87,9.44
V006,2024-09-07 02:06:43,18.990429,73.167569,83.83,8.26
V006,2024-09-07 02:08:22,18.991139,73.167986,83.79,8.24
V006,2024-09-07 02:08:53,18.991448,73.168496,83.76,7.70
V006,2024-09-07 02:10:16,18.992134,73.168841,83.73,8.20
V006,2024-09-07 02:12:14,18.992892,73.169152,83.71,7.61
V006,2024-09-07 02:12:51,18.993364,73.170007,83.68,7.64
V006,2024-09-07 02:13:58,18.993680,73.170448,83.65,7.68
V006,2024-09-07 02:15:32,18.993895,73.171274,83.62,7.07
V006,2024-09-07 02:16:37,18.994360,73.170992,83.60,7.04
V006,2024-09-07 02:18:22,18.994062,73.172005,83.58,6.08
V006,2024-09-07 02:20:21,18.994770,73.172418,83.56,5.23
V006,2024-09-07 02:21:01,18.994598,73.172755,83.53,3.64
V006,2024-09-07 02:22:23,18.995464,73.173683,83.50,3.52
V006,2024-09-07 02:23:19,18.995444,73.174107,83.47,3.67
V006,2024-09-07 02:24:03,18.996445,73.174690,83.44,3.67
V006,2024-09-07 02:25:41,18.996559,73.174477,83.42,3.53
V006,2024-09-07 02:27:18,18.997259,73.174807,83.39,2.80
V006,2024-09-07 02:29:14,18.996877,73.175779,83.35,2.43
V006,2024-09-07 02:30:52,18.997537,73.176141,83.31,1.34
V006,2024-09-07 02:31:56,18.998255,73.177012,83.28,1.72
V006,2024-09-07 02:33:16,18.998407,73.177101,83.25,2.04
V006,2024-09-07 02:34:10,18.999052,73.177744,83.23,2.96
V006,2024-09-07 02:34:41,18.999282,73.178223,83.20,2.91
V006,2024-09-07 02:35:24,19.000010,73.178976,83.18,2.09
V006,2024-09-07 02:35:58,18.999977,73.179602,83.14,1.01
V006,2024-09-07 02:36:55,18.999923,73.179531,83.10,0.67
V006,2024-09-07 02:38:42,19.000467,73.180641,83.06,0.21
V006,2024-09-07 02:39:35,19.000997,73.180460,83.02,0.31
V006,2024-09-07 02:40:14,19.001687,73.181787,82.98,0.13
V006,2024-09-07 02:42:09,19.002311,73.182011,82.96,0.10
V006,2024-09-07 02:42:46,19.002214,73.182904,82.94,0.03
V006,2024-09-07 02:43:49,19.002405,73.182961,82.92,0.91
V006,2024-09-07 02:45:09,19.002215,73.183136,82.89,0.77
V006,2024-09-07 02:46:06,19.002880,73.183348,82.87,1.46
V006,2024-09-07 02:46:40,19.002942,73.184189,82.84,0.95
V006,2024-09-07 02:48:13,19.003794,73.184374,82.82,0.87
V006,2024-09-07 02:49:17,19.004271,73.184905,82.78,0.91
V006,2024-09-07 02:51:17,19.004596,73.185183,82.75,0.43
V006,2024-09-07 02:51:55,19.005004,73.186518,82.72,0.98
V006,2024-09-07 02:53:26,19.004811,73.187022,82.68,1.67
V006,2024-09-07 02:54:34,19.005548,73.187305,82.64,2.00
V006,2024-09-07 02:56:12,19.006036,73.187683,82.59,1.33
V006,2024-09-07 02:57:19,19.006426,73.188574,82.54,1.28
V006,2024-09-07 02:58:13,19.006534,73.189242,82.52,0.89
V006,2024-09-07 02:59:45,19.006888,73.189524,82.50,1.42
V006,2024-09-07 03:00:39,19.007524,73.189540,82.47,0.77
V006,2024-09-07 03:02:18,19.008484,73.189708,82.45,0.48
V006,2024-09-07 03:02:50,19.008659,73.190696,82.41,0.69
V006,2024-09-07 03:03:35,19.008517,73.190877,82.37,0.31
V006,2024-09-07 03:05:13,19.009014,73.191565,82.34,1.19
V006,2024-09-07 03:06:01,19.009385,73.191794,82.29,0.44
V006,2024-09-07 03:07:02,19.009454,73.192698,82.25,0.68
V006,2024-09-07 03:08:11,19.009617,73.193557,82.22,0.12
V006,2024-09-07 03:08:49,19.009727,73.194460,82.18,0.79
V006,2024-09-07 03:09:47,19.010144,73.195131,82.16,1.61
V006,2024-09-07 03:11:43,19.010597,73.194942,82.13,2.91
V006,2024-09-07 03:12:54,19.010936,73.195410,82.10,3.64
V006,2024-09-07 03:14:06,19.011984,73.196144,82.06,4.21
V006,2024-09-07 03:15:23,19.012129,73.196265,82.02,3.68
V006,2024-09-07 03:16:05,19.012739,73.197094,81.98,2.52
V006,2024-09-07 03:17:37,19.013123,73.197698,81.94,1.10
V006,2024-09-07 03:19:22,19.013046,73.197859,81.90,0.73
V006,2024-09-07 03:21:20,19.013607,73.198936,81.86,1.17
V006,2024-09-07 03:22:20,19.013595,73.198732,81.83,1.55
V006,2024-09-07 03:23:53,19.014499,73.200074,81.81,1.13
V006,2024-09-07 03:25:16,19.014442,73.200282,81.78,0.54
V006,2024-09-07 03:25:58,19.014930,73.200424,81.76,0.17
V006,2024-09-07 03:27:27,19.015738,73.201079,81.72,0.11
V006,2024-09-07 03:28:16,19.016291,73.201742,81.69,0.07
V006,2024-09-07 03:30:11,19.017180,73.202548,81.66,0.04
V006,2024-09-07 03:31:13,19.016687,73.203326,81.63,0.00
V006,2024-09-07 03:31:49,19.017504,73.203322,81.60,0.00
V006,2024-09-07 03:32:33,19.017161,73.204244,81.56,0.00
V006,2024-09-07 03:33:56,19.017650,73.203899,81.53,0.16
V006,2024-09-07 03:35:07,19.018175,73.204403,81.50,0.79
V006,2024-09-07 03:36:05,19.018355,73.204577,81.47,0.55
V006,2024-09-07 03:37:02,19.019072,73.205009,81.45,0.42
V006,2024-09-07 03:37:56,19.019265,73.206308,81.43,0.06
V006,2024-09-07 03:39:54,19.020262,73.206870,81.42,0.00
V006,2024-09-07 03:41:17,19.020131,73.207594,81.40,0.00
V006,2024-09-07 03:43:08,19.020475,73.207524,81.37,0.21
V006,2024-09-07 03:44:07,19.021090,73.208583,81.34,0.42
V006,2024-09-07 03:45:52,19.021722,73.208417,81.30,1.57
V006,2024-09-07 03:46:53,19.021953,73.209269,81.28,1.97
V006,2024-09-07 03:47:42,19.022072,73.209312,81.26,3.25
V006,2024-09-07 03:49:12,19.022693,73.210566,81.24,2.69
V006,2024-09-07 03:51:11,19.022885,73.211114,81.21,2.45
V006,2024-09-07 03:51:42,19.023237,73.211952,81.19,2.01
V006,2024-09-07 03:52:42,19.023336,73.212285,81.17,1.67
V006,2024-09-07 03:54:42,19.023340,73.212727,81.15,1.20
V006,2024-09-07 03:56:11,19.024007,73.212960,81.12,1.82
V006,2024-09-07 03:57:28,19.024761,73.213663,81.09,2.68
V006,2024-09-07 03:58:47,19.025351,73.214088,81.07,3.71
V006,2024-09-07 03:59:51,19.025416,73.214946,81.05,3.97
V006,2024-09-07 04:01:48,19.025793,73.215319,81.03,3.44
V006,2024-09-07 04:03:44,19.026384,73.215245,81.00,2.18
V006,2024-09-07 04:04:19,19.026197,73.215630,80.97,1.38
V006,2024-09-07 04:06:19,19.026409,73.215972,80.94,0.46
V006,2024-09-07 04:08:12,19.026388,73.217030,80.91,0.30
V006,2024-09-07 04:09:08,19.027600,73.217448,80.88,1.04
V006,2024-09-07 04:10:42,19.028173,73.218286,80.85,2.33
V006,2024-09-07 04:12:14,19.028369,73.218711,80.83,2.88
V006,2024-09-07 04:13:52,19.028958,73.219141,80.81,3.19
V006,2024-09-07 04:15:50,19.028983,73.219921,80.79,3.41
V006,2024-09-07 04:17:18,19.029928,73.220448,80.77,4.40
V006,2024-09-07 04:17:57,19.029802,73.220387,80.75,5.88
V006,2024-09-07 04:18:53,19.030025,73.220511,80.73,6.72
V006,2024-09-07 04:20:32,19.030413,73.221080,80.70,8.12
V006,2024-09-07 04:21:04,19.030746,73.222216,80.67,9.06
V006,2024-09-07 04:22:40,19.030802,73.222495,80.64,9.23
V006,2024-09-07 04:23:51,19.031237,73.223241,80.60,9.49
V011,2024-09-07 00:03:24,18.436570,73.081493,86.25,13.44
V011,2024-09-07 00:05:20,18.436527,73.081707,86.24,12.59
V011,2024-09-07 00:05:50,18.436572,73.082451,86.23,12.12
V011,2024-09-07 00:07:32,18.437057,73.082816,86.21,12.31
V011,2024-09-07 00:08:20,18.437604,73.083508,86.19,12.61
V011,2024-09-07 00:09:52,18.438023,73.083986,86.16,12.60
V011,2024-09-07 00:11:08,18.439309,73.084512,86.13,12.41
V011,2024-09-07 00:12:44,18.439966,73.084687,86.11,11.91
V011,2024-09-07 00:13:28,18.440829,73.085267,86.07,11.92
V011,2024-09-07 00:14:50,18.440894,73.085206,86.04,11.14
V011,2024-09-07 00:15:51,18.441349,73.086120,86.01,10.88
V011,2024-09-07 00:16:32,18.441756,73.086306,85.99,9.94
V011,2024-09-07 00:18:22,18.442573,73.086499,85.96,10.57
V011,2024-09-07 00:19:59,18.443134,73.087076,85.93,11.66
V011,2024-09-07 00:21:44,18.443717,73.087045,85.90,12.25
V011,2024-09-07 00:23:20,18.444247,73.087701,85.88,11.62
V011,2024-09-07 00:25:02,18.444604,73.088278,85.86,11.58
V011,2024-09-07 00:26:35,18.444994,73.089231,85.84,12.36
V011,2024-09-07 00:27:42,18.444717,73.089889,85.81,13.17
V011,2024-09-07 00:28:49,18.445360,73.090121,85.78,13.24
V011,2024-09-07 00:29:25,18.445142,73.089764,85.76,13.24
V011,2024-09-07 00:30:01,18.445523,73.090203,85.74,13.79
V011,2024-09-07 00:31:56,18.446007,73.090321,85.71,14.93
V011,2024-09-07 00:32:44,18.446842,73.091570,85.68,16.05
V011,2024-09-07 00:33:42,18.447225,73.092265,85.64,15.79
V011,2024-09-07 00:35:01,18.448354,73.092097,85.61,15.93
V011,2024-09-07 00:36:09,18.449043,73.092447,85.59,15.22
V011,2024-09-07 00:37:53,18.449104,73.092758,85.57,15.91
V011,2024-09-07 00:38:48,18.449788,73.093006,85.55,15.88
V011,2024-09-07 00:40:27,18.449476,73.093449,85.52,16.43
V011,2024-09-07 00:42:04,18.450598,73.093606,85.49,15.66
V011,2024-09-07 00:43:33,18.450606,73.094310,85.45,15.81
V011,2024-09-07 00:45:14,18.451342,73.094716,85.40,15.54
V011,2024-09-07 00:46:22,18.451954,73.094896,85.37,15.00
V011,2024-09-07 00:48:04,18.452464,73.095871,85.34,14.85
V011,2024-09-07 00:49:59,18.452463,73.096602,85.31,13.86
V011,2024-09-07 00:50:35,18.453330,73.096579,85.27,13.53
V011,2024-09-07 00:52:21,18.453375,73.096690,85.22,12.33
V011,2024-09-07 00:52:58,18.453973,73.096730,85.18,11.55
V011,2024-09-07 00:54:57,18.454479,73.097222,85.14,11.43
V011,2024-09-07 00:55:55,18.454665,73.097747,85.11,11.46
V011,2024-09-07 00:56:25,18.455557,73.098914,85.09,11.93
V011,2024-09-07 00:57:14,18.456037,73.099635,85.06,11.19
V011,2024-09-07 00:58:44,18.456244,73.100156,85.05,10.30
V011,2024-09-07 00:59:52,18.456839,73.099855,85.03,10.42
V011,2024-09-07 01:01:31,18.457726,73.100267,85.00,11.23
V011,2024-09-07 01:02:16,18.458256,73.100446,84.97,12.32
V011,2024-09-07 01:04:10,18.458802,73.101159,84.94,13.45
V011,2024-09-07 01:05:41,18.458974,73.101404,84.91,13.33
V011,2024-09-07 01:07:36,18.459549,73.101867,84.87,13.34
V011,2024-09-07 01:09:00,18.459753,73.102204,84.83,12.96
V011,2024-09-07 01:10:44,18.460057,73.102517,84.80,12.70
V011,2024-09-07 01:11:19,18.460696,73.103024,84.76,12.79
V011,2024-09-07 01:12:47,18.461004,73.104066,84.74,13.56
V011,2024-09-07 01:14:21,18.462136,73.104238,84.71,14.77
V011,2024-09-07 01:15:13,18.462695,73.104582,84.68,15.54
V011,2024-09-07 01:16:00,18.462887,73.105101,84.65,15.59
V011,2024-09-07 01:17:52,18.463453,73.105336,84.62,15.23
V011,2024-09-07 01:19:52,18.464052,73.105999,84.59,14.32
V011,2024-09-07 01:21:03,18.464639,73.106779,84.56,13.15
V011,2024-09-07 01:21:41,18.464920,73.107188,84.53,13.12
V011,2024-09-07 01:22:24,18.465470,73.107120,84.51,12.28
V011,2024-09-07 01:23:24,18.465805,73.107556,84.48,11.66
V011,2024-09-07 01:24:47,18.466525,73.107541,84.45,10.76
V011,2024-09-07 01:25:26,18.466190,73.108811,84.42,9.45
V011,2024-09-07 01:26:18,18.466663,73.108964,84.39,7.93
V011,2024-09-07 01:28:01,18.467204,73.109435,84.36,7.98
V011,2024-09-07 01:28:59,18.467489,73.109793,84.33,8.35
V011,2024-09-07 01:29:53,18.467835,73.109918,84.30,9.64
V011,2024-09-07 01:30:27,18.467898,73.110166,84.26,9.32
V011,2024-09-07 01:32:06,18.469151,73.111078,84.22,9.04
V011,2024-09-07 01:33:58,18.469433,73.111859,84.19,9.46
V011,2024-09-07 01:35:32,18.469911,73.112336,84.16,10.48
V011,2024-09-07 01:36:10,18.470457,73.112442,84.13,10.54
V011,2024-09-07 01:36:56,18.471072,73.112695,84.10,10.64
V011,2024-09-07 01:38:42,18.471432,73.113417,84.07,9.81
V011,2024-09-07 01:39:44,18.471465,73.113813,84.04,9.19
V011,2024-09-07 01:40:50,18.471969,73.114138,84.00,8.03
V011,2024-09-07 01:42:24,18.472685,73.114049,83.95,8.34
V011,2024-09-07 01:44:08,18.473474,73.114476,83.91,9.21
V011,2024-09-07 01:45:21,18.474373,73.115019,83.89,9.10
V011,2024-09-07 01:46:17,18.474296,73.115591,83.85,8.14
V011,2024-09-07 01:46:54,18.475090,73.116194,83.81,7.56
V011,2024-09-07 01:48:53,18.474807,73.116344,83.76,8.09
V011,2024-09-07 01:50:16,18.475947,73.117273,83.73,7.80
V011,2024-09-07 01:51:02,18.476258,73.117603,83.70,7.87
V011,2024-09-07 01:52:55,18.476426,73.117880,83.69,7.51
V011,2024-09-07 01:53:54,18.476949,73.118101,83.66,8.32
V011,2024-09-07 01:55:32,18.476928,73.118071,83.63,9.33
V011,2024-09-07 01:57:03,18.477729,73.118956,83.59,9.05
V011,2024-09-07 01:58:27,18.478536,73.118952,83.55,8.74
V011,2024-09-07 01:59:44,18.478710,73.119888,83.53,8.42
V011,2024-09-07 02:00:25,18.479275,73.120084,83.49,7.94
V011,2024-09-07 02:02:03,18.479417,73.120894,83.45,8.57
V011,2024-09-07 02:02:40,18.480706,73.121315,83.43,9.14
V011,2024-09-07 02:03:54,18.480635,73.121355,83.40,8.84
V011,2024-09-07 02:05:14,18.481818,73.122048,83.37,7.86
V011,2024-09-07 02:06:53,18.481469,73.122365,83.35,6.53
V011,2024-09-07 02:07:51,18.482519,73.122716,83.31,6.71
V011,2024-09-07 02:09:44,18.482493,73.123178,83.29,6.96
V011,2024-09-07 02:10:27,18.483643,73.123384,83.26,7.49
V011,2024-09-07 02:11:32,18.484214,73.123637,83.23,7.82
V011,2024-09-07 02:12:41,18.484994,73.123889,83.19,8.03
V011,2024-09-07 02:13:29,18.484772,73.124893,83.16,8.81
V011,2024-09-07 02:14:13,18.484920,73.124954,83.12,9.67
V011,2024-09-07 02:15:21,18.485653,73.125341,83.10,10.43
V011,2024-09-07 02:16:54,18.485683,73.126209,83.08,11.00
V011,2024-09-07 02:18:12,18.486375,73.126220,83.05,10.65
V011,2024-09-07 02:19:51,18.486666,73.126807,83.03,10.10
V011,2024-09-07 02:21:04,18.487815,73.127488,83.00,10.13
V011,2024-09-07 02:21:37,18.488532,73.128442,82.97,10.37
V011,2024-09-07 02:22:14,18.489161,73.128653,82.93,10.57
V011,2024-09-07 02:23:20,18.489301,73.129331,82.89,11.46
V011,2024-09-07 02:25:02,18.489978,73.129748,82.86,11.96
V011,2024-09-07 02:26:02,18.489824,73.130340,82.81,12.40
V011,2024-09-07 02:26:42,18.489901,73.130107,82.77,13.34
V011,2024-09-07 02:27:16,18.490665,73.131033,82.74,13.91
V011,2024-09-07 02:29:03,18.490981,73.131188,82.71,14.99
V011,2024-09-07 02:29:55,18.491569,73.131250,82.67,16.02
V011,2024-09-07 02:31:10,18.491516,73.131611,82.65,15.71
V011,2024-09-07 02:31:50,18.492641,73.131985,82.63,14.70
V011,2024-09-07 02:32:43,18.493145,73.132438,82.61,12.92
V011,2024-09-07 02:33:42,18.494087,73.132758,82.59,12.04
V011,2024-09-07 02:34:26,18.493888,73.133443,82.56,10.70
V011,2024-09-07 02:35:36,18.494163,73.134067,82.53,10.12
V011,2024-09-07 02:36:39,18.494864,73.134076,82.51,10.04
V011,2024-09-07 02:38:18,18.494918,73.135138,82.48,10.89
V011,2024-09-07 02:39:44,18.495887,73.135464,82.45,10.61
V011,2024-09-07 02:41:41,18.495775,73.135620,82.43,10.67
V011,2024-09-07 02:42:52,18.496839,73.135915,82.39,9.61
V011,2024-09-07 02:44:09,18.497048,73.136378,82.35,10.12
V011,2024-09-07 02:44:44,18.498272,73.136912,82.31,9.48
V011,2024-09-07 02:45:41,18.498084,73.137183,82.28,8.75
V011,2024-09-07 02:47:25,18.498809,73.137965,82.24,8.04
V011,2024-09-07 02:49:19,18.499476,73.138461,82.21,7.82
V011,2024-09-07 02:49:58,18.499781,73.139109,82.16,7.06
V011,2024-09-07 02:51:48,18.500797,73.139723,82.13,7.72
V011,2024-09-07 02:53:25,18.500718,73.139859,82.09,8.49
V011,2024-09-07 02:54:35,18.501395,73.140443,82.05,9.37
V011,2024-09-07 02:55:36,18.501901,73.140257,82.02,9.23
V011,2024-09-07 02:56:20,18.502721,73.141070,82.00,8.63
V011,2024-09-07 02:57:00,18.502843,73.141387,81.96,8.01
V011,2024-09-07 02:58:47,18.503178,73.141681,81.92,8.04
V011,2024-09-07 02:59:33,18.503692,73.141759,81.89,8.75
V011,2024-09-07 03:01:28,18.503790,73.142646,81.85,9.58
V011,2024-09-07 03:02:08,18.504145,73.142569,81.82,9.71
V011,2024-09-07 03:03:03,18.504596,73.143216,81.80,9.69
V011,2024-09-07 03:04:06,18.505566,73.143871,81.78,8.74
V011,2024-09-07 03:04:40,18.506179,73.144541,81.76,7.56
V011,2024-09-07 03:06:15,18.506064,73.145211,81.74,5.92
V011,2024-09-07 03:07:36,18.507002,73.145634,81.71,4.81
V011,2024-09-07 03:08:49,18.506898,73.145937,81.68,3.91
V011,2024-09-07 03:10:04,18.507851,73.146187,81.64,2.69
V011,2024-09-07 03:11:29,18.508463,73.146831,81.60,2.56
V011,2024-09-07 03:13:14,18.508834,73.146720,81.58,1.71
V011,2024-09-07 03:14:59,18.509693,73.147618,81.56,2.42
V011,2024-09-07 03:15:51,18.509913,73.147701,81.54,2.14
V011,2024-09-07 03:16:59,18.510395,73.148192,81.50,1.55
V011,2024-09-07 03:18:34,18.510150,73.148395,81.47,1.02
V011,2024-09-07 03:19:26,18.510685,73.149120,81.44,0.31
V011,2024-09-07 03:20:22,18.510689,73.149820,81.40,0.93
V011,2024-09-07 03:21:36,18.511391,73.149950,81.36,0.78
V011,2024-09-07 03:22:27,18.511627,73.150021,81.32,0.85
V011,2024-09-07 03:23:26,18.512934,73.150113,81.28,1.11
V011,2024-09-07 03:24:17,18.512946,73.150843,81.25,1.98
V011,2024-09-07 03:25:11,18.514189,73.150818,81.22,2.65
V011,2024-09-07 03:26:54,18.514580,73.151090,81.19,2.44
V011,2024-09-07 03:27:38,18.515008,73.151603,81.17,2.09
V011,2024-09-07 03:29:11,18.515723,73.152515,81.15,2.52
V011,2024-09-07 03:29:55,18.516181,73.152839,81.13,3.33
V011,2024-09-07 03:30:34,18.516799,73.153886,81.09,3.39
V011,2024-09-07 03:32:09,18.516914,73.153794,81.06,3.61
V011,2024-09-07 03:32:43,18.516772,73.154594,81.02,4.25
V011,2024-09-07 03:34:24,18.517734,73.154630,80.99,4.40
V011,2024-09-07 03:34:55,18.518361,73.155334,80.96,4.88
V011,2024-09-07 03:35:50,18.518942,73.155336,80.93,4.27
V011,2024-09-07 03:36:56,18.518803,73.155685,80.89,4.60
V011,2024-09-07 03:37:53,18.519393,73.155777,80.86,4.59
V011,2024-09-07 03:38:45,18.519319,73.156014,80.83,4.25
V011,2024-09-07 03:39:45,18.520367,73.156342,80.80,4.24
V011,2024-09-07 03:40:53,18.520659,73.157317,80.77,3.44
V011,2024-09-07 03:42:43,18.521728,73.158260,80.73,3.23
V011,2024-09-07 03:43:27,18.521773,73.158636,80.70,2.10
V011,2024-09-07 03:44:54,18.522718,73.159507,80.66,1.52
V011,2024-09-07 03:46:04,18.522964,73.159354,80.64,0.96
V011,2024-09-07 03:47:35,18.523271,73.160079,80.61,0.44
V011,2024-09-07 03:48:08,18.523983,73.160530,80.58,0.58
V011,2024-09-07 03:48:45,18.524196,73.160661,80.54,1.13
V011,2024-09-07 03:50:11,18.524561,73.161171,80.51,1.42
V011,2024-09-07 03:51:09,18.524698,73.161318,80.48,1.59
V011,2024-09-07 03:52:52,18.525602,73.161723,80.46,1.31
V011,2024-09-07 03:54:40,18.526036,73.162570,80.43,0.65
V011,2024-09-07 03:55:12,18.526236,73.162954,80.40,1.18
V011,2024-09-07 03:56:52,18.526322,73.163704,80.36,2.18
V011,2024-09-07 03:57:42,18.526528,73.163351,80.33,3.11
V011,2024-09-07 03:58:32,18.527303,73.164275,80.29,3.14
V011,2024-09-07 03:59:03,18.527862,73.164789,80.27,3.43
V011,2024-09-07 04:00:23,18.528161,73.164761,80.23,2.66
V011,2024-09-07 04:02:13,18.528465,73.165538,80.21,1.54
V011,2024-09-07 04:03:31,18.528994,73.165882,80.18,0.57
V017,2024-09-07 00:10:52,19.021271,73.136816,92.94,22.44
V017,2024-09-07 00:11:26,19.021020,73.136775,92.92,22.46
V017,2024-09-07 00:13:05,19.021127,73.137577,92.90,21.82
V017,2024-09-07 00:14:59,19.021204,73.137886,92.88,22.05
V017,2024-09-07 00:15:38,19.022045,73.138254,92.85,21.76
V017,2024-09-07 00:17:11,19.021696,73.139200,92.82,22.86
V017,2024-09-07 00:18:54,19.022238,73.139552,92.79,23.92
V017,2024-09-07 00:19:40,19.022306,73.140493,92.76,24.06
V017,2024-09-07 00:21:32,19.022873,73.140297,92.72,24.57
V017,2024-09-07 00:23:29,19.023295,73.140788,92.70,24.76
V017,2024-09-07 00:24:02,19.023214,73.141113,92.68,24.70
V017,2024-09-07 00:25:51,19.023950,73.141728,92.66,24.39
V017,2024-09-07 00:26:42,19.023908,73.141886,92.64,24.40
V017,2024-09-07 00:27:59,19.024378,73.142111,92.60,24.14
V017,2024-09-07 00:29:19,19.024131,73.142332,92.57,24.08
V017,2024-09-07 00:31:10,19.024440,73.142652,92.54,23.47
V017,2024-09-07 00:32:14,19.025220,73.143085,92.50,23.71
V017,2024-09-07 00:33:53,19.025759,73.144040,92.47,24.62
V017,2024-09-07 00:34:44,19.026366,73.144932,92.43,24.98
V017,2024-09-07 00:35:57,19.026388,73.145013,92.39,24.64
V017,2024-09-07 00:37:16,19.026839,73.145634,92.36,25.05
V017,2024-09-07 00:39:14,19.026761,73.145384,92.33,25.36
V017,2024-09-07 00:40:12,19.026936,73.145816,92.30,25.63
V017,2024-09-07 00:41:29,19.027420,73.146628,92.28,26.01
V017,2024-09-07 00:42:48,19.027890,73.146904,92.25,25.62
V017,2024-09-07 00:44:20,19.027984,73.147983,92.23,25.24
V017,2024-09-07 00:45:29,19.027798,73.148275,92.21,23.84
V017,2024-09-07 00:47:12,19.027574,73.148758,92.19,23.19
V017,2024-09-07 00:48:03,19.028342,73.148467,92.15,22.90
V017,2024-09-07 00:49:07,19.028579,73.148514,92.11,23.18
V017,2024-09-07 00:49:48,19.028620,73.149394,92.07,23.15
V017,2024-09-07 00:50:31,19.028890,73.149709,92.05,22.78
V017,2024-09-07 00:51:54,19.028851,73.150164,92.01,21.93
V017,2024-09-07 00:53:18,19.029843,73.150558,91.98,20.95
V017,2024-09-07 00:54:07,19.029786,73.151029,91.96,20.64
V017,2024-09-07 00:54:48,19.030459,73.151818,91.95,21.41
V017,2024-09-07 00:55:33,19.030344,73.151691,91.93,22.21
V017,2024-09-07 00:56:19,19.030807,73.152570,91.90,22.99
V017,2024-09-07 00:57:54,19.030506,73.153055,91.87,22.68
V017,2024-09-07 00:58:41,19.031458,73.153609,91.85,21.84
V017,2024-09-07 01:00:04,19.031600,73.154357,91.81,21.79
V017,2024-09-07 01:01:31,19.031918,73.153993,91.77,21.74
V017,2024-09-07 01:03:31,19.031883,73.154663,91.73,21.30
V017,2024-09-07 01:05:10,19.032077,73.154687,91.69,21.28
V017,2024-09-07 01:06:20,19.032755,73.155545,91.66,20.82
V017,2024-09-07 01:07:28,19.033365,73.156171,91.63,20.85
V017,2024-09-07 01:08:52,19.033962,73.156990,91.59,21.34
V017,2024-09-07 01:09:27,19.033441,73.157604,91.55,20.67
V017,2024-09-07 01:11:19,19.034085,73.157185,91.51,19.95
V017,2024-09-07 01:12:03,19.033577,73.157987,91.49,19.48
V017,2024-09-07 01:13:16,19.034672,73.158278,91.47,18.36
V017,2024-09-07 01:14:09,19.034634,73.158762,91.44,17.86
V017,2024-09-07 01:15:57,19.034896,73.159188,91.42,17.33
V017,2024-09-07 01:17:30,19.035182,73.159254,91.38,17.25
V017,2024-09-07 01:19:21,19.035593,73.160210,91.34,17.11
V017,2024-09-07 01:19:51,19.036101,73.160600,91.30,16.85
V017,2024-09-07 01:21:08,19.036570,73.160567,91.26,17.09
V017,2024-09-07 01:22:00,19.037027,73.160733,91.24,16.65
V017,2024-09-07 01:22:38,19.037275,73.161326,91.21,15.84
V017,2024-09-07 01:24:28,19.037331,73.161457,91.19,15.48
V017,2024-09-07 01:25:09,19.036920,73.161979,91.16,14.27
V017,2024-09-07 01:26:49,19.037161,73.162416,91.12,13.33
V017,2024-09-07 01:28:25,19.036949,73.162980,91.10,12.49
V017,2024-09-07 01:29:39,19.037832,73.163726,91.08,11.53
V017,2024-09-07 01:31:29,19.037888,73.164018,91.06,10.91
V017,2024-09-07 01:32:03,19.038127,73.164235,91.03,10.59
V017,2024-09-07 01:33:58,19.038620,73.164499,91.00,11.08
V017,2024-09-07 01:34:41,19.038808,73.165262,90.97,10.91
V017,2024-09-07 01:35:26,19.039374,73.165574,90.95,10.80
V017,2024-09-07 01:36:52,19.039241,73.166285,90.92,9.91
V017,2024-09-07 01:37:45,19.039966,73.166802,90.88,9.88
V017,2024-09-07 01:39:28,19.040528,73.167593,90.85,9.09
V017,2024-09-07 01:40:19,19.041163,73.168171,90.83,8.74
V017,2024-09-07 01:42:03,19.041352,73.168679,90.79,8.64
V017,2024-09-07 01:42:54,19.041102,73.168223,90.76,8.00
V017,2024-09-07 01:44:33,19.041134,73.168456,90.72,8.38
V017,2024-09-07 01:46:05,19.041417,73.168443,90.69,8.15
V017,2024-09-07 01:46:55,19.041726,73.169453,90.66,8.34
V017,2024-09-07 01:47:58,19.041878,73.170160,90.62,8.40
V017,2024-09-07 01:48:42,19.042308,73.170943,90.57,8.46
V017,2024-09-07 01:50:08,19.042510,73.170752,90.52,9.25
V017,2024-09-07 01:51:20,19.042989,73.170685,90.48,8.93
V017,2024-09-07 01:52:53,19.043591,73.170921,90.45,9.00
V017,2024-09-07 01:53:40,19.043406,73.171850,90.42,9.33
V017,2024-09-07 01:54:29,19.043848,73.172493,90.38,9.16
V017,2024-09-07 01:55:45,19.044069,73.172532,90.34,8.49
V017,2024-09-07 01:56:37,19.044690,73.172980,90.29,7.97
V017,2024-09-07 01:58:34,19.044335,73.172953,90.25,7.63
V017,2024-09-07 01:59:48,19.044769,73.174229,90.21,7.80
V017,2024-09-07 02:01:43,19.045083,73.174696,90.17,8.62
V017,2024-09-07 02:02:20,19.045175,73.175273,90.14,8.85
V017,2024-09-07 02:02:55,19.046021,73.175796,90.10,9.75
V017,2024-09-07 02:04:47,19.045767,73.175681,90.07,10.80
V017,2024-09-07 02:06:15,19.046383,73.175829,90.03,11.18
V017,2024-09-07 02:07:58,19.046747,73.175879,90.01,10.85
V017,2024-09-07 02:09:41,19.047333,73.177067,89.99,9.68
V017,2024-09-07 02:11:35,19.047815,73.177168,89.96,9.53
V017,2024-09-07 02:13:10,19.047512,73.177499,89.93,9.74
V017,2024-09-07 02:14:33,19.047814,73.177654,89.90,9.16
V017,2024-09-07 02:16:20,19.047403,73.178890,89.87,8.81
V017,2024-09-07 02:17:09,19.047631,73.179773,89.85,7.62
V017,2024-09-07 02:18:37,19.047685,73.179733,89.81,8.11
V017,2024-09-07 02:20:33,19.048593,73.180013,89.79,7.42
V017,2024-09-07 02:21:26,19.048533,73.179837,89.77,6.72
V017,2024-09-07 02:22:39,19.049290,73.180201,89.75,5.23
V017,2024-09-07 02:23:34,19.049806,73.181060,89.72,5.37
V017,2024-09-07 02:24:28,19.050309,73.182034,89.70,5.02
V017,2024-09-07 02:25:56,19.050240,73.182406,89.66,5.57
V017,2024-09-07 02:26:45,19.050549,73.182934,89.64,5.56
V017,2024-09-07 02:28:26,19.050401,73.183334,89.62,5.31
V017,2024-09-07 02:28:57,19.050992,73.183843,89.60,4.79
V017,2024-09-07 02:30:15,19.050948,73.184176,89.59,4.61
V017,2024-09-07 02:31:31,19.051760,73.184059,89.56,4.94
V017,2024-09-07 02:33:24,19.051653,73.185071,89.54,5.82
V017,2024-09-07 02:34:38,19.052521,73.184711,89.51,6.45
V017,2024-09-07 02:35:20,19.052605,73.185198,89.48,5.85
V017,2024-09-07 02:36:35,19.052812,73.185290,89.45,4.81
V017,2024-09-07 02:37:21,19.052935,73.186148,89.43,4.55
V017,2024-09-07 02:38:10,19.052620,73.186445,89.39,5.27
V017,2024-09-07 02:39:26,19.053646,73.186674,89.35,5.77
V017,2024-09-07 02:40:17,19.053636,73.187425,89.31,5.64
V017,2024-09-07 02:41:42,19.053720,73.188034,89.27,6.27
V017,2024-09-07 02:42:48,19.054060,73.188572,89.24,5.77
V017,2024-09-07 02:43:38,19.054746,73.189007,89.22,5.50
V017,2024-09-07 02:45:38,19.055202,73.189694,89.19,4.40
V017,2024-09-07 02:46:54,19.054872,73.190357,89.17,2.97
V017,2024-09-07 02:48:45,19.055064,73.190990,89.14,3.04
V017,2024-09-07 02:50:02,19.055218,73.190998,89.11,3.21
V017,2024-09-07 02:51:26,19.055943,73.191205,89.07,3.49
V017,2024-09-07 02:52:13,19.056623,73.191798,89.03,4.17
V017,2024-09-07 02:53:54,19.056465,73.192411,89.01,3.61
V017,2024-09-07 02:54:50,19.056395,73.192254,88.97,2.81
V017,2024-09-07 02:55:32,19.057050,73.192253,88.93,2.14
V017,2024-09-07 02:56:56,19.057020,73.192695,88.89,1.80
V017,2024-09-07 02:58:51,19.057642,73.193381,88.85,2.47
V017,2024-09-07 02:59:34,19.057297,73.193900,88.82,3.50
V017,2024-09-07 03:00:09,19.058085,73.194890,88.78,3.58
V017,2024-09-07 03:01:21,19.057838,73.194977,88.76,4.07
V017,2024-09-07 03:02:58,19.058057,73.195093,88.73,3.70
V017,2024-09-07 03:03:42,19.058448,73.195944,88.71,3.57
V017,2024-09-07 03:05:20,19.058452,73.196391,88.68,2.70
V017,2024-09-07 03:07:06,19.059367,73.197282,88.65,2.68
V017,2024-09-07 03:08:01,19.059088,73.197053,88.63,1.58
V017,2024-09-07 03:08:51,19.060140,73.197998,88.60,1.50
V017,2024-09-07 03:10:16,19.060595,73.198315,88.57,0.63
V017,2024-09-07 03:10:54,19.060832,73.199090,88.54,0.37
V017,2024-09-07 03:11:28,19.061318,73.199094,88.51,0.06
V017,2024-09-07 03:12:40,19.060984,73.198902,88.48,0.00
V017,2024-09-07 03:14:07,19.060934,73.199479,88.46,0.00
V017,2024-09-07 03:14:39,19.061448,73.199916,88.45,0.00
V017,2024-09-07 03:16:19,19.061520,73.200765,88.43,0.54
V017,2024-09-07 03:18:09,19.062366,73.200569,88.41,1.52
V017,2024-09-07 03:20:09,19.062525,73.201361,88.38,2.48
V017,2024-09-07 03:21:43,19.063167,73.201128,88.35,3.23
V017,2024-09-07 03:23:16,19.063282,73.201523,88.33,3.71
V017,2024-09-07 03:25:07,19.063371,73.202509,88.30,4.89
V017,2024-09-07 03:25:52,19.063122,73.202659,88.26,5.36
V017,2024-09-07 03:27:14,19.063452,73.203766,88.23,5.37
V017,2024-09-07 03:27:50,19.064294,73.204227,88.21,5.07
V017,2024-09-07 03:29:01,19.064630,73.204570,88.19,5.51
V017,2024-09-07 03:30:46,19.064640,73.204781,88.16,5.86
V017,2024-09-07 03:32:13,19.064915,73.205128,88.12,7.19
V017,2024-09-07 03:33:38,19.064681,73.205818,88.08,7.23
V017,2024-09-07 03:34:14,19.065773,73.206469,88.05,6.93
V017,2024-09-07 03:34:55,19.066099,73.206686,88.02,5.74
V017,2024-09-07 03:36:45,19.066772,73.206860,87.99,5.45
V017,2024-09-07 03:38:24,19.066777,73.207458,87.97,6.14
V017,2024-09-07 03:40:12,19.067128,73.208166,87.94,7.10
V017,2024-09-07 03:41:39,19.067179,73.208484,87.91,8.28
V017,2024-09-07 03:42:11,19.067740,73.209121,87.89,8.63
V017,2024-09-07 03:44:05,19.067704,73.209354,87.86,9.79
V017,2024-09-07 03:45:26,19.068228,73.209635,87.82,11.14
V017,2024-09-07 03:46:53,19.067952,73.210249,87.80,12.59
V017,2024-09-07 03:47:52,19.068690,73.210806,87.77,13.79
V017,2024-09-07 03:48:23,19.068556,73.211074,87.74,14.16
V017,2024-09-07 03:49:46,19.068521,73.211304,87.72,14.41
V017,2024-09-07 03:50:40,19.068797,73.211460,87.70,15.08
V017,2024-09-07 03:52:32,19.068701,73.211741,87.68,14.64
V017,2024-09-07 03:54:17,19.069837,73.212374,87.65,14.58
V017,2024-09-07 03:55:51,19.069575,73.212497,87.62,14.29
V017,2024-09-07 03:57:46,19.070451,73.212746,87.59,15.23
V017,2024-09-07 03:59:31,19.070373,73.213690,87.55,15.27
V017,2024-09-07 04:01:15,19.071041,73.213869,87.53,16.06
V017,2024-09-07 04:03:07,19.070951,73.214464,87.51,16.92
V017,2024-09-07 04:04:47,19.071298,73.214459,87.48,18.23
V017,2024-09-07 04:06:15,19.071306,73.215140,87.46,18.15
V017,2024-09-07 04:07:08,19.072097,73.215654,87.42,18.34
V017,2024-09-07 04:08:59,19.071744,73.215956,87.39,17.94
V017,2024-09-07 04:10:02,19.072441,73.216237,87.36,17.49
V017,2024-09-07 04:10:51,19.072411,73.217165,87.34,17.19
V017,2024-09-07 04:11:39,19.072461,73.217039,87.31,16.15
V017,2024-09-07 04:13:29,19.073358,73.217449,87.28,15.25
V017,2024-09-07 04:15:12,19.073495,73.217732,87.26,14.60
V017,2024-09-07 04:17:11,19.074273,73.218880,87.23,14.15
V017,2024-09-07 04:18:14,19.074306,73.219246,87.20,13.33
V017,2024-09-07 04:20:01,19.074155,73.219611,87.16,12.92
V017,2024-09-07 04:21:09,19.074390,73.219933,87.12,11.71
V017,2024-09-07 04:22:10,19.075144,73.219892,87.09,12.09
V017,2024-09-07 04:23:06,19.075600,73.220439,87.06,12.69
V017,2024-09-07 04:23:36,19.075393,73.221111,87.04,13.84
V045,2024-09-07 00:11:55,18.745478,72.839202,85.23,19.15
V045,2024-09-07 00:13:30,18.745767,72.839636,85.21,19.14
V045,2024-09-07 00:14:36,18.746166,72.839360,85.18,20.13
V045,2024-09-07 00:15:38,18.746435,72.840499,85.15,19.78
V045,2024-09-07 00:16:48,18.746871,72.840928,85.13,19.03
V045,2024-09-07 00:18:43,18.747563,72.841087,85.10,19.13
V045,2024-09-07 00:19:47,18.748347,72.841425,85.07,18.81
V045,2024-09-07 00:20:19,18.748692,72.841895,85.04,18.90
V045,2024-09-07 00:21:33,18.749415,72.842909,85.02,18.86
V045,2024-09-07 00:22:33,18.749770,72.843790,84.99,18.20
V045,2024-09-07 00:23:42,18.750203,72.844557,84.97,17.53
V045,2024-09-07 00:24:28,18.751132,72.844629,84.94,16.50
V045,2024-09-07 00:26:12,18.751814,72.845247,84.91,15.08
V045,2024-09-07 00:27:55,18.752737,72.846139,84.88,13.78
V045,2024-09-07 00:28:56,18.753493,72.846455,84.84,13.14
V045,2024-09-07 00:29:30,18.754142,72.846590,84.79,13.07
V045,2024-09-07 00:30:23,18.754201,72.846898,84.75,13.48
V045,2024-09-07 00:31:35,18.754365,72.847917,84.72,12.74
V045,2024-09-07 00:32:53,18.755232,72.848789,84.69,12.09
V045,2024-09-07 00:34:12,18.756203,72.849717,84.67,11.46
V045,2024-09-07 00:35:11,18.757016,72.850302,84.64,11.68
V045,2024-09-07 00:35:44,18.757471,72.850728,84.61,11.29
V045,2024-09-07 00:36:59,18.757680,72.851170,84.57,11.19
V045,2024-09-07 00:38:36,18.758288,72.851815,84.53,10.28
V045,2024-09-07 00:39:29,18.758331,72.852648,84.49,9.65
V045,2024-09-07 00:40:24,18.759582,72.853185,84.46,9.07
V045,2024-09-07 00:41:40,18.760351,72.853024,84.43,8.98
V045,2024-09-07 00:43:01,18.761108,72.853749,84.40,9.03
V045,2024-09-07 00:44:08,18.761637,72.854397,84.36,9.78
V045,2024-09-07 00:45:26,18.761915,72.854925,84.32,10.50
V045,2024-09-07 00:46:08,18.762018,72.855650,84.29,10.33
V045,2024-09-07 00:47:35,18.763109,72.856462,84.26,9.87
V045,2024-09-07 00:49:30,18.763153,72.857214,84.23,10.13
V045,2024-09-07 00:50:16,18.764213,72.857185,84.19,10.68
V045,2024-09-07 00:51:45,18.764570,72.857266,84.15,12.04
V045,2024-09-07 00:52:48,18.765155,72.858383,84.13,12.41
V045,2024-09-07 00:53:39,18.765662,72.859317,84.09,12.10
V045,2024-09-07 00:54:43,18.766238,72.859446,84.05,12.34
V045,2024-09-07 00:55:23,18.767066,72.859519,84.01,12.50
V045,2024-09-07 00:56:01,18.767957,72.860532,83.97,11.90
V045,2024-09-07 00:56:54,18.768843,72.860808,83.93,11.45
V045,2024-09-07 00:58:44,18.769799,72.861892,83.91,10.73
V045,2024-09-07 01:00:04,18.769716,72.861955,83.88,11.57
V045,2024-09-07 01:01:36,18.770298,72.862724,83.85,12.93
V045,2024-09-07 01:02:52,18.770426,72.863476,83.83,13.58
V045,2024-09-07 01:04:49,18.771558,72.863709,83.81,13.41
V045,2024-09-07 01:05:28,18.772362,72.864905,83.79,13.30
V045,2024-09-07 01:06:09,18.772554,72.865415,83.76,12.65
V045,2024-09-07 01:07:42,18.773756,72.865880,83.73,11.63
V045,2024-09-07 01:09:41,18.774292,72.866130,83.69,10.67
V045,2024-09-07 01:10:48,18.775401,72.866452,83.66,9.15
V045,2024-09-07 01:11:35,18.775892,72.866872,83.64,8.35
V045,2024-09-07 01:12:37,18.776514,72.867433,83.61,8.45
V045,2024-09-07 01:13:57,18.776691,72.868749,83.59,7.78
V045,2024-09-07 01:15:25,18.777083,72.868814,83.57,7.65
V045,2024-09-07 01:17:04,18.777919,72.869776,83.55,6.70
V045,2024-09-07 01:18:38,18.777903,72.869707,83.53,6.66
V045,2024-09-07 01:19:13,18.778720,72.870849,83.50,7.19
V045,2024-09-07 01:20:33,18.779300,72.871551,83.47,8.10
V045,2024-09-07 01:22:12,18.780183,72.871971,83.43,9.15
V045,2024-09-07 01:23:10,18.780687,72.872705,83.40,9.81
V045,2024-09-07 01:24:20,18.780960,72.873403,83.37,10.88
V045,2024-09-07 01:26:07,18.781882,72.874069,83.33,11.88
V045,2024-09-07 01:27:56,18.782717,72.874985,83.31,12.68
V045,2024-09-07 01:29:27,18.783375,72.875380,83.27,13.52
V045,2024-09-07 01:30:24,18.783851,72.875805,83.24,13.48
V045,2024-09-07 01:31:18,18.784305,72.876394,83.21,14.21
V045,2024-09-07 01:32:10,18.784560,72.876485,83.19,15.00
V045,2024-09-07 01:33:30,18.785250,72.876685,83.17,14.70
V045,2024-09-07 01:34:25,18.785821,72.877810,83.15,14.43
V045,2024-09-07 01:35:06,18.786860,72.878584,83.12,13.49
V045,2024-09-07 01:36:36,18.787055,72.879684,83.10,12.39
V045,2024-09-07 01:37:30,18.787460,72.880158,83.07,11.17
V045,2024-09-07 01:38:22,18.787954,72.880738,83.04,10.40
V045,2024-09-07 01:40:01,18.789233,72.881395,83.01,10.81
V045,2024-09-07 01:41:41,18.789341,72.881814,82.97,11.98
V045,2024-09-07 01:43:19,18.790586,72.882513,82.93,13.04
V045,2024-09-07 01:44:02,18.790805,72.883015,82.90,13.98
V045,2024-09-07 01:45:01,18.791491,72.882924,82.88,13.93
V045,2024-09-07 01:46:32,18.792471,72.883005,82.85,14.49
V045,2024-09-07 01:48:08,18.792426,72.883228,82.82,14.97
V045,2024-09-07 01:50:02,18.793360,72.883757,82.78,16.38
V045,2024-09-07 01:51:19,18.794190,72.885117,82.74,18.00
V045,2024-09-07 01:53:12,18.794577,72.885316,82.70,18.91
V045,2024-09-07 01:54:32,18.794804,72.886222,82.66,18.38
V045,2024-09-07 01:55:41,18.795397,72.886664,82.62,17.71
V045,2024-09-07 01:56:50,18.796043,72.887004,82.60,17.88
V045,2024-09-07 01:57:43,18.796943,72.887726,82.58,18.11
V045,2024-09-07 01:59:27,18.797316,72.888159,82.56,18.21
V045,2024-09-07 02:00:25,18.798164,72.889342,82.53,18.02
V045,2024-09-07 02:01:44,18.798736,72.889962,82.51,18.13
V045,2024-09-07 02:03:38,18.799619,72.890055,82.48,18.54
V045,2024-09-07 02:04:10,18.800369,72.890672,82.45,19.18
V045,2024-09-07 02:05:36,18.800624,72.891544,82.42,18.63
V045,2024-09-07 02:06:18,18.801499,72.892452,82.39,19.36
V045,2024-09-07 02:07:16,18.802228,72.893005,82.36,19.68
V045,2024-09-07 02:08:05,18.802240,72.892966,82.33,21.13
V045,2024-09-07 02:09:56,18.803000,72.893404,82.31,20.85
V045,2024-09-07 02:11:46,18.803444,72.894461,82.28,21.23
V045,2024-09-07 02:12:27,18.803944,72.895337,82.25,21.55
V045,2024-09-07 02:14:24,18.805061,72.895703,82.21,22.64
V045,2024-09-07 02:15:59,18.805799,72.896567,82.18,22.60
V045,2024-09-07 02:17:53,18.806556,72.896309,82.14,22.40
V045,2024-09-07 02:19:31,18.807246,72.897468,82.13,22.84
V045,2024-09-07 02:20:26,18.807886,72.897196,82.09,22.60
V045,2024-09-07 02:22:03,18.808226,72.897968,82.07,22.39
V045,2024-09-07 02:23:53,18.809088,72.898049,82.04,21.81
V045,2024-09-07 02:25:00,18.809688,72.899479,82.02,21.55
V045,2024-09-07 02:25:48,18.809785,72.900355,81.98,21.41
V045,2024-09-07 02:27:37,18.810297,72.900538,81.95,20.84
V045,2024-09-07 02:28:24,18.810649,72.901009,81.92,20.83
V045,2024-09-07 02:30:11,18.811108,72.901316,81.90,20.68
V045,2024-09-07 02:31:34,18.811963,72.902363,81.87,20.47
V045,2024-09-07 02:32:48,18.812557,72.903042,81.84,20.40
V045,2024-09-07 02:33:44,18.813552,72.903346,81.81,20.17
V045,2024-09-07 02:34:30,18.814303,72.903648,81.79,20.21
V045,2024-09-07 02:35:51,18.815146,72.904441,81.76,20.10
V045,2024-09-07 02:36:53,18.814886,72.904767,81.73,20.33
V045,2024-09-07 02:37:39,18.816042,72.905376,81.70,20.85
V045,2024-09-07 02:38:23,18.816521,72.905784,81.66,21.78
V045,2024-09-07 02:39:06,18.816877,72.906503,81.64,21.44
V045,2024-09-07 02:40:17,18.817585,72.906985,81.62,21.42
V045,2024-09-07 02:40:47,18.817876,72.907540,81.59,21.71
V045,2024-09-07 02:41:59,18.818518,72.908400,81.55,21.62
V045,2024-09-07 02:43:37,18.819555,72.909243,81.51,21.55
V045,2024-09-07 02:44:22,18.819752,72.909789,81.49,21.56
V045,2024-09-07 02:45:17,18.820465,72.909996,81.46,22.20
V045,2024-09-07 02:46:03,18.820659,72.910472,81.44,23.47
V045,2024-09-07 02:47:42,18.821332,72.911558,81.42,25.07
V045,2024-09-07 02:48:58,18.821923,72.912116,81.40,25.32
V045,2024-09-07 02:50:13,18.822499,72.913050,81.38,25.86
V045,2024-09-07 02:51:57,18.822874,72.913068,81.36,24.96
V045,2024-09-07 02:53:26,18.823263,72.913870,81.34,25.10
V045,2024-09-07 02:55:16,18.824263,72.914573,81.31,25.65
V045,2024-09-07 02:56:26,18.825106,72.914726,81.28,25.68
V045,2024-09-07 02:58:22,18.825686,72.915403,81.24,26.23
V045,2024-09-07 02:59:54,18.826323,72.915381,81.20,26.95
V045,2024-09-07 03:01:07,18.827323,72.916514,81.18,27.55
V045,2024-09-07 03:03:04,18.828162,72.916671,81.16,28.12
V045,2024-09-07 03:03:35,18.828391,72.917546,81.13,29.10
V045,2024-09-07 03:05:13,18.828403,72.918455,81.12,30.22
V045,2024-09-07 03:06:34,18.828748,72.919067,81.08,30.05
V045,2024-09-07 03:08:15,18.829233,72.919376,81.06,29.66
V045,2024-09-07 03:09:38,18.829820,72.920108,81.02,28.58
V045,2024-09-07 03:11:05,18.830453,72.920259,80.99,27.85
V045,2024-09-07 03:12:24,18.831470,72.921539,80.95,26.90
V045,2024-09-07 03:14:04,18.831972,72.921572,80.92,27.43
V045,2024-09-07 03:15:41,18.833003,72.921865,80.89,28.39
V045,2024-09-07 03:16:11,18.833565,72.922717,80.88,28.75
V045,2024-09-07 03:17:31,18.834019,72.923075,80.86,28.95
V045,2024-09-07 03:19:24,18.834971,72.924341,80.83,29.31
V045,2024-09-07 03:19:55,18.835105,72.924941,80.79,30.65
V045,2024-09-07 03:21:19,18.835595,72.925377,80.75,30.56
V045,2024-09-07 03:23:04,18.835969,72.925859,80.72,31.36
V045,2024-09-07 03:24:08,18.837355,72.926188,80.69,30.52
V045,2024-09-07 03:25:49,18.838307,72.926366,80.66,31.46
V045,2024-09-07 03:27:17,18.838402,72.926676,80.62,32.34
V045,2024-09-07 03:29:03,18.839151,72.927717,80.60,33.85
V045,2024-09-07 03:30:00,18.839840,72.928194,80.57,34.68
V045,2024-09-07 03:32:00,18.840800,72.928913,80.56,35.23
V045,2024-09-07 03:33:39,18.840910,72.929833,80.53,36.17
V045,2024-09-07 03:34:20,18.841657,72.930295,80.50,36.35
V045,2024-09-07 03:35:20,18.841689,72.930509,80.46,36.06
V045,2024-09-07 03:36:09,18.842971,72.930972,80.43,35.55
V045,2024-09-07 03:38:01,18.843472,72.932011,80.40,35.55
V045,2024-09-07 03:39:47,18.844289,72.932625,80.36,34.82
V045,2024-09-07 03:40:43,18.844485,72.932784,80.32,34.53
V045,2024-09-07 03:42:27,18.845239,72.932914,80.28,33.27
V045,2024-09-07 03:44:15,18.845977,72.933819,80.24,33.60
V045,2024-09-07 03:45:05,18.846469,72.934373,80.20,33.81
V045,2024-09-07 03:46:53,18.846728,72.935437,80.16,35.15
V045,2024-09-07 03:48:32,18.847548,72.936064,80.14,36.39
V045,2024-09-07 03:50:02,18.847663,72.936225,80.10,38.08
V045,2024-09-07 03:51:40,18.848650,72.937055,80.07,38.92
V045,2024-09-07 03:53:23,18.848923,72.937710,80.05,40.07
V045,2024-09-07 03:54:43,18.849776,72.938740,80.01,40.99
V045,2024-09-07 03:56:37,18.850452,72.938909,80.00,42.39
V045,2024-09-07 03:57:09,18.850672,72.939123,79.98,43.33
V045,2024-09-07 03:58:15,18.851856,72.939522,79.97,44.66
V045,2024-09-07 03:59:42,18.852753,72.940605,79.94,46.19
V045,2024-09-07 04:00:56,18.853010,72.940973,79.91,46.34
V045,2024-09-07 04:02:19,18.854044,72.942199,79.86,47.21
V045,2024-09-07 04:04:05,18.854414,72.942340,79.82,47.06
V045,2024-09-07 04:04:49,18.854594,72.943229,79.80,47.67
V045,2024-09-07 04:05:42,18.854956,72.943065,79.76,47.29
V045,2024-09-07 04:07:38,18.855748,72.943615,79.73,47.79
V045,2024-09-07 04:09:36,18.856164,72.943712,79.68,47.08
V045,2024-09-07 04:11:34,18.857490,72.944240,79.65,46.25
V045,2024-09-07 04:13:04,18.857747,72.944913,79.61,45.23
V045,2024-09-07 04:14:36,18.858968,72.946020,79.57,44.80
V045,2024-09-07 04:16:33,18.859060,72.946515,79.53,45.60
V045,2024-09-07 04:17:06,18.859591,72.947338,79.50,46.16
V045,2024-09-07 04:19:04,18.859674,72.948243,79.47,45.77
V045,2024-09-07 04:21:00,18.860287,72.949026,79.43,44.98
V045,2024-09-07 04:21:35,18.860613,72.948996,79.40,44.89
V045,2024-09-07 04:23:17,18.861318,72.949732,79.38,45.54
V045,2024-09-07 04:24:42,18.862062,72.950026,79.36,47.06
V045,2024-09-07 04:26:13,18.863261,72.951310,79.34,48.69
V045,2024-09-07 04:27:00,18.864356,72.951424,79.31,49.32
V045,2024-09-07 04:28:39,18.864722,72.951899,79.29,49.37
V049,2024-09-07 00:07:54,19.138336,72.899417,89.22,41.82
V049,2024-09-07 00:08:58,19.138567,72.900038,89.20,42.22
V049,2024-09-07 00:10:32,19.139682,72.900292,89.18,42.22
V049,2024-09-07 00:11:57,19.140133,72.901138,89.15,43.26
V049,2024-09-07 00:13:09,19.141136,72.901558,89.11,43.82
V049,2024-09-07 00:13:45,19.141780,72.902191,89.08,44.13
V049,2024-09-07 00:15:39,19.143112,72.902779,89.05,44.10
V049,2024-09-07 00:16:16,19.143886,72.903095,89.02,44.53
V049,2024-09-07 00:17:27,19.145288,72.904049,88.99,44.86
V049,2024-09-07 00:19:15,19.145816,72.904813,88.96,44.57
V049,2024-09-07 00:20:00,19.146665,72.905286,88.93,44.43
V049,2024-09-07 00:20:34,19.148001,72.905682,88.91,43.82
V049,2024-09-07 00:21:22,19.148771,72.906368,88.88,43.32
V049,2024-09-07 00:21:54,19.150282,72.907064,88.85,42.00
V049,2024-09-07 00:23:45,19.150622,72.908191,88.82,41.73
V049,2024-09-07 00:24:47,19.152098,72.908703,88.78,40.86
V049,2024-09-07 00:25:46,19.152457,72.909589,88.74,41.35
V049,2024-09-07 00:27:29,19.153410,72.909289,88.69,42.11
V049,2024-09-07 00:29:13,19.154077,72.910316,88.66,43.08
V049,2024-09-07 00:29:55,19.155222,72.910063,88.64,44.24
V049,2024-09-07 00:30:54,19.155827,72.911231,88.61,45.36
V049,2024-09-07 00:31:58,19.157146,72.911380,88.59,46.45
V049,2024-09-07 00:33:40,19.158033,72.911929,88.57,47.04
V049,2024-09-07 00:35:39,19.158474,72.912296,88.55,46.91
V049,2024-09-07 00:36:14,19.158975,72.912876,88.53,47.12
V049,2024-09-07 00:38:10,19.160227,72.913360,88.51,46.64
V049,2024-09-07 00:39:24,19.161179,72.914667,88.48,45.69
V049,2024-09-07 00:41:22,19.162164,72.915731,88.46,45.01
V049,2024-09-07 00:42:53,19.162788,72.916403,88.42,44.56
V049,2024-09-07 00:43:59,19.163632,72.916967,88.39,44.64
V049,2024-09-07 00:45:00,19.164607,72.916839,88.36,45.33
V049,2024-09-07 00:46:23,19.166041,72.917824,88.33,46.48
V049,2024-09-07 00:48:04,19.166941,72.918012,88.31,47.62
V049,2024-09-07 00:48:39,19.167418,72.918557,88.29,47.41
V049,2024-09-07 00:49:41,19.168661,72.918772,88.28,47.75
V049,2024-09-07 00:50:57,19.169618,72.919788,88.25,46.69
V049,2024-09-07 00:51:42,19.170689,72.920582,88.21,46.09
V049,2024-09-07 00:52:36,19.171591,72.921754,88.16,45.67
V049,2024-09-07 00:54:36,19.172500,72.921730,88.13,46.46
V049,2024-09-07 00:56:04,19.173715,72.922524,88.09,47.85
V049,2024-09-07 00:57:54,19.174515,72.922423,88.06,49.65
V049,2024-09-07 00:59:19,19.174856,72.923701,88.03,50.89
V049,2024-09-07 01:00:37,19.175767,72.924211,87.99,50.67
V049,2024-09-07 01:02:31,19.176658,72.924870,87.95,50.75
V049,2024-09-07 01:03:20,19.177189,72.925605,87.91,51.36
V049,2024-09-07 01:04:41,19.178027,72.926380,87.88,51.44
V049,2024-09-07 01:05:28,19.179172,72.927269,87.83,52.15
V049,2024-09-07 01:06:38,19.180389,72.927751,87.80,52.38
V049,2024-09-07 01:07:16,19.181195,72.927714,87.77,53.08
V049,2024-09-07 01:08:43,19.182258,72.928286,87.75,54.16
V049,2024-09-07 01:10:42,19.183006,72.928864,87.73,55.69
V049,2024-09-07 01:12:16,19.183772,72.929375,87.71,55.89
V049,2024-09-07 01:13:46,19.185147,72.930163,87.69,55.48
V049,2024-09-07 01:14:21,19.185925,72.930684,87.68,53.89
V049,2024-09-07 01:15:52,19.186384,72.931358,87.66,53.47
V049,2024-09-07 01:16:52,19.187684,72.931430,87.63,53.39
V049,2024-09-07 01:17:25,19.188465,72.932206,87.60,54.34
V049,2024-09-07 01:19:01,19.189752,72.932585,87.56,54.21
V049,2024-09-07 01:20:08,19.190230,72.933094,87.52,54.90
V049,2024-09-07 01:21:27,19.190671,72.933839,87.50,54.53
V049,2024-09-07 01:23:08,19.191802,72.934353,87.46,54.12
V049,2024-09-07 01:23:47,19.192548,72.935013,87.44,53.02
V049,2024-09-07 01:25:45,19.194172,72.935149,87.40,52.84
V049,2024-09-07 01:26:54,19.194983,72.936463,87.36,52.33
V049,2024-09-07 01:27:58,19.195681,72.936955,87.32,51.33
V049,2024-09-07 01:29:27,19.196070,72.937321,87.29,51.02
V049,2024-09-07 01:31:20,19.196767,72.937430,87.26,49.92
V049,2024-09-07 01:32:22,19.197747,72.938185,87.23,48.99
V049,2024-09-07 01:34:05,19.199058,72.939264,87.19,48.28
V049,2024-09-07 01:35:10,19.200511,72.939542,87.16,46.96
V049,2024-09-07 01:35:48,19.200820,72.939970,87.13,45.75
V049,2024-09-07 01:36:40,19.201530,72.940183,87.10,45.09
V049,2024-09-07 01:37:24,19.202693,72.941299,87.07,45.80
V049,2024-09-07 01:39:11,19.203373,72.941690,87.04,45.50
V049,2024-09-07 01:41:10,19.205018,72.942596,87.01,44.98
V049,2024-09-07 01:42:34,19.205227,72.942693,86.98,44.18
V049,2024-09-07 01:43:25,19.206463,72.943626,86.95,43.10
V049,2024-09-07 01:44:33,19.207051,72.944269,86.93,42.10
V049,2024-09-07 01:46:22,19.208543,72.944963,86.91,40.78
V049,2024-09-07 01:47:00,19.209694,72.946094,86.87,39.96
V049,2024-09-07 01:48:46,19.210076,72.946542,86.83,39.18
V049,2024-09-07 01:49:25,19.211342,72.946688,86.79,39.66
V049,2024-09-07 01:50:49,19.211812,72.947533,86.75,40.38
V049,2024-09-07 01:51:41,19.213133,72.948299,86.71,41.83
V049,2024-09-07 01:53:20,19.213625,72.948794,86.68,42.52
V049,2024-09-07 01:54:35,19.214379,72.949258,86.65,42.77
V049,2024-09-07 01:55:46,19.215069,72.950104,86.62,43.14
V049,2024-09-07 01:57:06,19.216006,72.950184,86.59,43.94
V049,2024-09-07 01:58:19,19.217277,72.950960,86.56,45.34
V049,2024-09-07 01:59:06,19.218025,72.950931,86.53,45.72
V049,2024-09-07 02:00:15,19.219378,72.952297,86.50,45.87
V049,2024-09-07 02:02:04,19.219917,72.953086,86.47,45.86
V049,2024-09-07 02:03:12,19.221267,72.953559,86.44,46.50
V049,2024-09-07 02:04:31,19.221729,72.954218,86.42,47.80
V049,2024-09-07 02:05:48,19.222917,72.954242,86.39,47.90
V049,2024-09-07 02:07:00,19.223338,72.954571,86.37,48.56
V049,2024-09-07 02:08:48,19.224685,72.954796,86.33,47.56
V049,2024-09-07 02:09:46,19.225169,72.955429,86.31,47.89
V049,2024-09-07 02:10:49,19.225929,72.956481,86.27,48.12
V049,2024-09-07 02:12:22,19.226725,72.957485,86.24,49.30
V049,2024-09-07 02:13:29,19.227591,72.958020,86.19,50.63
V049,2024-09-07 02:14:39,19.228506,72.958647,86.15,51.62
V049,2024-09-07 02:15:56,19.229215,72.959297,86.11,51.80
V049,2024-09-07 02:17:06,19.230448,72.960111,86.08,52.72
V049,2024-09-07 02:19:00,19.231569,72.960288,86.04,52.70
V049,2024-09-07 02:19:38,19.232697,72.960719,86.01,53.38
V049,2024-09-07 02:21:30,19.233360,72.961214,85.96,54.24
V049,2024-09-07 02:23:00,19.234483,72.962119,85.93,54.95
V049,2024-09-07 02:24:58,19.235044,72.962886,85.91,54.44
V049,2024-09-07 02:26:41,19.236158,72.962973,85.88,53.60
V049,2024-09-07 02:28:28,19.237195,72.963670,85.86,52.48
V049,2024-09-07 02:30:16,19.237761,72.964124,85.83,52.20
V049,2024-09-07 02:31:22,19.239212,72.965193,85.81,52.39
V049,2024-09-07 02:32:05,19.240016,72.965863,85.78,52.40
V049,2024-09-07 02:32:38,19.240888,72.966519,85.75,52.00
V049,2024-09-07 02:33:34,19.241460,72.967283,85.72,52.21
V049,2024-09-07 02:34:38,19.242477,72.967370,85.69,52.45
V049,2024-09-07 02:36:13,19.242831,72.967683,85.67,51.87
V049,2024-09-07 02:38:03,19.244356,72.968666,85.63,50.86
V049,2024-09-07 02:39:32,19.244921,72.969594,85.60,49.13
V049,2024-09-07 02:40:41,19.245783,72.970180,85.58,48.77
V049,2024-09-07 02:41:37,19.247183,72.970158,85.56,47.61
V049,2024-09-07 02:43:03,19.248218,72.970678,85.53,48.32
V049,2024-09-07 02:45:00,19.249193,72.971590,85.51,49.16
V049,2024-09-07 02:45:57,19.250216,72.972103,85.47,49.59
V049,2024-09-07 02:47:38,19.251061,72.973019,85.45,49.85
V049,2024-09-07 02:48:54,19.252112,72.973014,85.43,50.22
V049,2024-09-07 02:49:31,19.252499,72.973884,85.40,50.51
V049,2024-09-07 02:50:54,19.253392,72.974488,85.35,51.55
V049,2024-09-07 02:52:50,19.254233,72.975224,85.31,51.70
V049,2024-09-07 02:54:27,19.254875,72.975887,85.29,52.74
V049,2024-09-07 02:55:25,19.255856,72.976435,85.26,52.04
V049,2024-09-07 02:56:28,19.256257,72.976752,85.25,52.78
V049,2024-09-07 02:57:40,19.257579,72.977190,85.22,52.88
V049,2024-09-07 02:58:34,19.258407,72.978222,85.19,53.59
V049,2024-09-07 03:00:05,19.259962,72.978717,85.15,53.18
V049,2024-09-07 03:02:03,19.260972,72.979197,85.11,52.52
V049,2024-09-07 03:03:40,19.261937,72.979212,85.07,52.76
V049,2024-09-07 03:05:34,19.262011,72.979971,85.04,52.10
V049,2024-09-07 03:06:33,19.263181,72.980817,85.01,52.52
V049,2024-09-07 03:07:29,19.263973,72.981812,84.98,53.21
V049,2024-09-07 03:08:55,19.264833,72.981952,84.96,53.02
V049,2024-09-07 03:10:27,19.265714,72.982104,84.92,52.24
V049,2024-09-07 03:12:02,19.266848,72.982788,84.90,50.91
V049,2024-09-07 03:12:40,19.268043,72.983506,84.86,50.94
V049,2024-09-07 03:14:14,19.269252,72.984035,84.84,50.13
V049,2024-09-07 03:15:21,19.269474,72.985211,84.81,49.58
V049,2024-09-07 03:16:53,19.270593,72.985743,84.79,48.14
V049,2024-09-07 03:17:55,19.271539,72.986418,84.76,47.36
V049,2024-09-07 03:19:02,19.272386,72.986863,84.72,45.96
V049,2024-09-07 03:19:34,19.273359,72.987798,84.69,45.65
V049,2024-09-07 03:20:25,19.274269,72.987654,84.65,45.33
V049,2024-09-07 03:22:04,19.275305,72.988073,84.62,45.88
V049,2024-09-07 03:23:54,19.276143,72.988906,84.58,45.54
V049,2024-09-07 03:24:56,19.276564,72.989868,84.55,45.02
V049,2024-09-07 03:26:51,19.277950,72.990029,84.50,45.20
V049,2024-09-07 03:28:24,19.278201,72.990669,84.46,45.60
V049,2024-09-07 03:29:46,19.279143,72.990849,84.43,45.30
V049,2024-09-07 03:30:58,19.280187,72.991806,84.41,45.32
V049,2024-09-07 03:32:21,19.281235,72.992761,84.38,45.03
V049,2024-09-07 03:33:40,19.282705,72.993360,84.35,44.31
V049,2024-09-07 03:35:15,19.282735,72.994371,84.33,43.20
V049,2024-09-07 03:37:09,19.283430,72.994188,84.31,41.47
V049,2024-09-07 03:38:06,19.284063,72.994806,84.28,40.32
V049,2024-09-07 03:39:07,19.285645,72.995115,84.27,40.18
V049,2024-09-07 03:40:07,19.286411,72.996326,84.23,39.47
V049,2024-09-07 03:41:51,19.287927,72.996549,84.21,40.17
V049,2024-09-07 03:43:28,19.288541,72.997131,84.17,39.36
V049,2024-09-07 03:44:32,19.289921,72.997394,84.13,38.87
V049,2024-09-07 03:45:20,19.290611,72.998369,84.10,38.40
V049,2024-09-07 03:45:57,19.291322,72.998809,84.08,39.05
V049,2024-09-07 03:47:53,19.291770,72.999365,84.04,40.52
V049,2024-09-07 03:49:38,19.293021,72.999579,84.01,41.55
V049,2024-09-07 03:50:44,19.293532,72.999936,83.98,41.31
V049,2024-09-07 03:51:53,19.294481,73.000677,83.95,40.71
V049,2024-09-07 03:52:40,19.295609,73.001575,83.92,39.50
V049,2024-09-07 03:54:00,19.296491,73.002604,83.88,39.35
V049,2024-09-07 03:54:59,19.297301,73.002985,83.86,39.30
V049,2024-09-07 03:56:40,19.297894,73.004059,83.83,39.48
V049,2024-09-07 03:58:05,19.298490,73.004138,83.79,38.71
V049,2024-09-07 03:59:03,19.299810,73.005131,83.75,37.80
V049,2024-09-07 04:00:29,19.300765,73.005532,83.71,38.16
V049,2024-09-07 04:01:31,19.302382,73.006401,83.69,37.72
V049,2024-09-07 04:02:01,19.303470,73.006381,83.65,38.85
V049,2024-09-07 04:02:43,19.304481,73.007317,83.61,38.54
V049,2024-09-07 04:04:11,19.304931,73.007361,83.59,39.75
V049,2024-09-07 04:05:42,19.305140,73.008710,83.56,39.14
V049,2024-09-07 04:07:06,19.306416,73.008825,83.55,39.53
V049,2024-09-07 04:09:00,19.306902,73.009381,83.51,39.49
V049,2024-09-07 04:10:17,19.308566,73.010018,83.48,39.19
V049,2024-09-07 04:11:11,19.309596,73.010277,83.44,39.83
V049,2024-09-07 04:12:03,19.310343,73.011632,83.40,40.82
V049,2024-09-07 04:13:50,19.311507,73.012389,83.38,40.84
V049,2024-09-07 04:14:27,19.312426,73.012691,83.35,41.61
V049,2024-09-07 04:16:11,19.312950,73.013209,83.32,41.99
V049,2024-09-07 04:16:53,19.313915,73.013547,83.30,41.82
V049,2024-09-07 04:18:26,19.314568,73.014533,83.28,41.77
V049,2024-09-07 04:20:18,19.315705,73.015258,83.26,40.72
V049,2024-09-07 04:22:11,19.316151,73.015178,83.24,41.25
V049,2024-09-07 04:23:05,19.316942,73.016257,83.22,40.92
